{"cameraMode":{"drawMode":0,"name":"Shaded","section":"Shading Mode"},"sceneLighting":false,"audioPlay":false,"sceneViewState":{"showFog":true,"showMaterialUpdate":false,"showSkybox":false,"showFlares":true,"showImageEffects":true,"showParticleSystems":true,"showVisualEffectGraphs":true,"m_FxEnabled":true},"in2DMode":false,"pivot":{"x":-0.13447867333889008,"y":0.711054801940918,"z":-0.4029812216758728},"rotation":{"x":-0.019438493996858598,"y":-0.11029858142137528,"z":-0.0036762882955372335,"w":-0.994782567024231},"size":1.4582741260528565,"orthographic":false}